method,run,seed,generation,proposal_attempt,parent_arch_id,child_arch_id,mutation_ops,needs_distillation,status,loss,accuracy,params
lemonade_paper_search_space_i,0,0,1,1,ss1_0C32-__1C64-__2C128-,ss1_0C32-__1C64-.3C64-__2C128-,insert_conv_bn_relu,False,rejected_cheap_objective,,,131754
lemonade_paper_search_space_i,0,0,1,2,ss1_0S48-__1S96-__2S96-,ss1_0S48-__1S96-.3S96-__2S96-,insert_conv_bn_relu,False,rejected_cheap_objective,,,27013
lemonade_paper_search_space_i,0,0,1,3,ss1_0S48-__1S96-__2S96-,ss1_0S48-__1S32-__2S96-.3S96-,increase_filters;insert_conv_bn_relu;prune_filters,True,rejected_cheap_objective,,,17093
lemonade_paper_search_space_i,0,0,1,4,ss1_0S48-__1S96-__2S96-,ss1_0S48-.3S48-__1S96-__2S96-,insert_conv_bn_relu,False,rejected_cheap_objective,,,19573
lemonade_paper_search_space_i,0,0,1,5,ss1_0C64-__1C128-__2C256-,ss1_0C16-__1C128-__2C256-,prune_filters,True,accepted_trained,1.7084017992019653,0.367000013589859,317146
lemonade_paper_search_space_i,0,0,1,6,ss1_0C64-__1C128-__2C256-,ss1_0C64-__1C32-__2C128-,prune_filters;prune_filters,True,rejected_cheap_objective,,,58762
lemonade_paper_search_space_i,0,0,1,7,ss1_0C32-__1C64-__2C128-,ss1_0C32-__1C64-__2C128-.3C128-.4C128-,insert_conv_bn_relu;insert_conv_bn_relu,False,rejected_cheap_objective,,,390186
lemonade_paper_search_space_i,0,0,1,8,ss1_0C64-__1C128-__2C256-,ss1_0C64-__1C128-__2S256-.3S256r2,replace_conv_with_sepconv;insert_conv_bn_relu;add_skip_connection,True,accepted_trained,1.807375431060791,0.36899998784065247,181195
lemonade_paper_search_space_i,0,0,2,1,ss1_0C16-__1C128-__2C256-,ss1_0S16-__1C128-__2C320-,replace_conv_with_sepconv;increase_filters,True,rejected_cheap_objective,,,391285
lemonade_paper_search_space_i,0,0,2,2,ss1_0S48-__1S96-__2S96-,ss1_0S48-__1S96-__2S144-,increase_filters,False,rejected_cheap_objective,,,21925
lemonade_paper_search_space_i,0,0,2,3,ss1_0C16-__1C128-__2C256-,ss1_0C16-__1C128-.3C128-__2C256-,insert_conv_bn_relu,False,accepted_trained,1.6562753915786743,0.38600000739097595,464858
lemonade_paper_search_space_i,0,0,2,4,ss1_0S48-__1S96-__2S96-,ss1_0S48-__1S96-__2S96-.3S96-,insert_conv_bn_relu,False,accepted_trained,1.8640761375427246,0.3179999887943268,27013
lemonade_paper_search_space_i,0,0,2,5,ss1_0C16-__1C128-__2C256-,ss1_0C16-__1C32-__3C256-,insert_conv_bn_relu;prune_filters;remove_layer_or_skip,True,rejected_cheap_objective,,,81946
lemonade_paper_search_space_i,0,0,2,6,ss1_0S48-__1S96-__2S96-,ss1_0S16-__1S96-__2S96-,prune_filters,True,rejected_cheap_objective,,,13221
lemonade_paper_search_space_i,0,0,2,7,ss1_0C16-__1C128-__2C256-,ss1_0C24-__1C128-__2C256-,increase_filters,False,rejected_cheap_objective,,,326594
lemonade_paper_search_space_i,0,0,2,8,ss1_0C32-__1C64-__2C128-,ss1_0C32-.3C32-__1S64-__2C128-,replace_conv_with_sepconv;insert_conv_bn_relu,True,rejected_cheap_objective,,,87946
lemonade_paper_search_space_i,0,0,3,1,ss1_0S48-__1S96-__2S96-,ss1_0S48-.3S48-__1S96-__2S96-,insert_conv_bn_relu,False,rejected_cheap_objective,,,19573
lemonade_paper_search_space_i,0,0,3,2,ss1_0S48-__1S96-__2S96-,ss1_0S48-__1S96-__2S192-,increase_filters,False,rejected_cheap_objective,,,27109
lemonade_paper_search_space_i,0,0,3,3,ss1_0C16-__1C128-.3C128-__2C256-,ss1_0C16-__1C128-.4C128-__2C256-,add_skip_connection;remove_layer_or_skip;insert_conv_bn_relu,True,rejected_cheap_objective,,,464858
lemonade_paper_search_space_i,0,0,3,4,ss1_0C16-__1C128-.3C128-__2C256-,ss1_0C16-__1C160-.3C128-__2C64-,prune_filters;increase_filters,True,rejected_cheap_objective,,,282906
lemonade_paper_search_space_i,0,0,3,5,ss1_0C16-__1C128-.3C128-__2C256-,ss1_0C16-__1S128-.3C128r1__2C256-,add_skip_connection;replace_conv_with_sepconv,True,accepted_trained,1.6705313920974731,0.3889999985694885,448619
lemonade_paper_search_space_i,0,0,3,6,ss1_0C32-__1C64-__2C128-,ss1_0C32-__1C64-.3C64-__2C128-,insert_conv_bn_relu,False,accepted_trained,1.6320421695709229,0.4000000059604645,131754
lemonade_paper_search_space_i,0,0,3,7,ss1_0S48-__1S96-__2S96-.3S96-,ss1_0S48-__1S120-__2S96-.3S96-,increase_filters,False,rejected_cheap_objective,,,30733
lemonade_paper_search_space_i,0,0,3,8,ss1_0S48-__1S96-__2S96-.3S96-,ss1_0S24-__1S96-__2S96-.4S96-.3S96-,prune_filters;insert_conv_bn_relu,True,rejected_cheap_objective,,,34645
lemonade_paper_search_space_i,0,0,4,1,ss1_0C32-__1C64-__2C128-,ss1_0C16-__1C64-.3C64-__2C128-.4C128-,prune_filters;insert_conv_bn_relu;insert_conv_bn_relu,True,rejected_cheap_objective,,,269786
lemonade_paper_search_space_i,0,0,4,2,ss1_0S48-__1S96-__2S96-,ss1_0S48-__1S96-__2S120-,increase_filters,False,accepted_trained,1.8733597993850708,0.2939999997615814,19333
lemonade_paper_search_space_i,0,0,4,3,ss1_0S48-__1S96-__2S96-.3S96-,ss1_0S96-__1S96-__2S96-.3S96-.4S96-,increase_filters;insert_conv_bn_relu,False,rejected_cheap_objective,,,42565
lemonade_paper_search_space_i,0,0,4,4,ss1_0S48-__1S96-__2S96-.3S96-,ss1_0S96-__1S96-.4S96-__2S96-.3S96r2,insert_conv_bn_relu;increase_filters;add_skip_connection,False,accepted_trained,1.7244757413864136,0.3659999966621399,42566
lemonade_paper_search_space_i,0,0,4,5,ss1_0C32-__1C64-__2C128-,ss1_0C64-__1C64-__2C128-,increase_filters,False,rejected_cheap_objective,,,114122
lemonade_paper_search_space_i,0,0,4,6,ss1_0C32-__1C64-__2C128-,ss1_0C16-__1C64-__2C128-,prune_filters,True,rejected_cheap_objective,,,85082
lemonade_paper_search_space_i,0,0,4,7,ss1_0C32-__1C64-.3C64-__2C128-,ss1_0C32-__1C64-.3C64r1__2C128-,add_skip_connection,False,rejected_cheap_objective,,,131755
lemonade_paper_search_space_i,0,0,4,8,ss1_0C32-__1C64-.3C64-__2C128-,ss1_0C64-__3C64-__2S128-,remove_layer_or_skip;replace_conv_with_sepconv;increase_filters,True,rejected_cheap_objective,,,49162
lemonade_paper_search_space_i,0,0,5,8,ss1_0S48-__1S96-__2S96-,ss1_0S48-__1S96-__2S96-.3S96-,insert_conv_bn_relu,False,duplicate_population,,,27013
lemonade_paper_search_space_i,0,0,5,1,ss1_0C32-__1C64-.3C64-__2C128-,ss1_0C32-__1C64-.3C128-__2C128-,increase_filters,False,rejected_cheap_objective,,,242474
lemonade_paper_search_space_i,0,0,5,2,ss1_0C32-__1C64-.3C64-__2C128-,ss1_0C32-__1S64-.3C64-__2C128-.4C128-,insert_conv_bn_relu;replace_conv_with_sepconv,True,accepted_trained,1.6184061765670776,0.38499999046325684,263370
lemonade_paper_search_space_i,0,0,5,3,ss1_0C32-__1C64-.3C64-__2C128-,ss1_0C32-__1C64-__2C128-,remove_layer_or_skip,True,rejected_cheap_objective,,,94762
lemonade_paper_search_space_i,0,0,5,4,ss1_0C32-__1C64-.3C64-__2C128-,ss1_0C32-__1C64-__2C256-,prune_filters;remove_layer_or_skip;increase_filters,True,rejected_cheap_objective,,,170026
lemonade_paper_search_space_i,0,0,5,5,ss1_0S96-__1S96-.4S96-__2S96-.3S96r2,ss1_0S96-__1S96-.4S96-__3S96-,remove_layer_or_skip,True,rejected_cheap_objective,,,32293
lemonade_paper_search_space_i,0,0,5,6,ss1_0S48-__1S96-__2S96-.3S96-,ss1_0S48-__1S144-__2S96-.3S96-.4S96r3,insert_conv_bn_relu;increase_filters;add_skip_connection,False,rejected_cheap_objective,,,44726
lemonade_paper_search_space_i,0,0,5,7,ss1_0C32-__1C64-.3C64-__2C128-,ss1_0C32-__1C16-.3S64-__2C128-,replace_conv_with_sepconv;prune_filters,True,accepted_trained,1.6963835954666138,0.37599998712539673,82138
lemonade_paper_search_space_i,0,0,5,9,ss1_0S96-__1S96-.4S96-__2S96-.3S96r2,ss1_0S96-__1S24-.4S96-__2S96-.3S96r2,prune_filters,True,rejected_cheap_objective,,,27950
lemonade_paper_search_space_i,0,0,6,2,ss1_0S48-__1S96-__2S96-,ss1_0S48-__1S96-__2S96-.3S96-,insert_conv_bn_relu,False,duplicate_population,,,27013
lemonade_paper_search_space_i,0,0,6,1,ss1_0C32-__1C16-.3S64-__2C128-,ss1_0C32-__1C32-.3S64-__2C128-,increase_filters,False,accepted_trained,1.567770004272461,0.3959999978542328,87946
lemonade_paper_search_space_i,0,0,6,3,ss1_0C32-__1C64-.3C64-__2C128-,ss1_0C32-__1C64-__2C128-,remove_layer_or_skip,True,accepted_trained,2.300358533859253,0.2879999876022339,94762
lemonade_paper_search_space_i,0,0,6,4,ss1_0S48-__1S96-__2S96-.3S96-,ss1_0S48-.4S48-__1S96-.5S96-__2S96-.3S96-,insert_conv_bn_relu;insert_conv_bn_relu,False,rejected_cheap_objective,,,40117
lemonade_paper_search_space_i,0,0,6,5,ss1_0S48-__1S96-__2S120-,ss1_0S48-__1S48-.3S48-__2S120-,prune_filters;insert_conv_bn_relu,True,rejected_cheap_objective,,,13573
lemonade_paper_search_space_i,0,0,6,6,ss1_0C32-__1S64-.3C64-__2C128-.4C128-,ss1_0C32-__3C64-__4C128-,remove_layer_or_skip;remove_layer_or_skip,True,rejected_cheap_objective,,,94762
lemonade_paper_search_space_i,0,0,6,7,ss1_0S48-__1S96-__2S96-.3S96-,ss1_0S48-__1S96-.5S96-__2S96-.4S96-.3S96-,insert_conv_bn_relu;insert_conv_bn_relu,False,rejected_cheap_objective,,,47557
lemonade_paper_search_space_i,0,0,6,8,ss1_0S48-__1S96-__2S96-,ss1_0S48-.3S48-__1S96-__2S96-,insert_conv_bn_relu,False,rejected_cheap_objective,,,19573
lemonade_paper_search_space_i,0,0,6,9,ss1_0S48-__1S96-__2S120-,ss1_0S48-__1S96-__2S120-.3S120-,insert_conv_bn_relu,False,rejected_cheap_objective,,,35053
lemonade_paper_search_space_i,0,0,7,1,ss1_0S96-__1S96-.4S96-__2S96-.3S96r2,ss1_0S96-__1S96-.4S96-__2S96-.5S96-.3S96r2,insert_conv_bn_relu,False,rejected_cheap_objective,,,52838
lemonade_paper_search_space_i,0,0,7,2,ss1_0S48-__1S96-__2S96-.3S96-,ss1_0S48-__1S96-.4S96-__2S96-.3S96r2,add_skip_connection;insert_conv_bn_relu,False,rejected_cheap_objective,,,37286
lemonade_paper_search_space_i,0,0,7,3,ss1_0C32-__1C16-.3S64-__2C128-,ss1_4C32-__1C16-.3S64-__2C128-,insert_conv_bn_relu;remove_layer_or_skip,True,rejected_cheap_objective,,,82138
lemonade_paper_search_space_i,0,0,7,4,ss1_0S48-__1S96-__2S96-.3S96-,ss1_0S48-__1S96-__2S96-.3S96-.4S96-,insert_conv_bn_relu,False,rejected_cheap_objective,,,37285
lemonade_paper_search_space_i,0,0,7,5,ss1_0C32-__1C32-.3S64-__2C128-,ss1_0C32-__1C32-.3S80-__2C128-,increase_filters,False,accepted_trained,1.489646315574646,0.43700000643730164,106922
lemonade_paper_search_space_i,0,0,7,6,ss1_0S48-__1S96-__2S120-,ss1_0S48-.3S48-__1S96-__2S120-,insert_conv_bn_relu,False,rejected_cheap_objective,,,22165
lemonade_paper_search_space_i,0,0,7,7,ss1_0S48-__1S96-__2S96-,ss1_0S16-__1S96-__2S96-,prune_filters,True,rejected_cheap_objective,,,13221
lemonade_paper_search_space_i,0,0,7,8,ss1_0C32-__1C16-.3S64-__2C128-,ss1_0C32-__1S16-.3S64-__2S128-,replace_conv_with_sepconv;replace_conv_with_sepconv,True,accepted_trained,1.7368566989898682,0.35600000619888306,13370
lemonade_paper_search_space_i,0,0,8,1,ss1_0C32-__1S16-.3S64-__2S128-,ss1_0C32-__1S40-.3S64-__2S128-,increase_filters;increase_filters,False,rejected_cheap_objective,,,15938
lemonade_paper_search_space_i,0,0,8,2,ss1_0C32-__1C32-.3S80-__2C128-,ss1_0C32-__1C32-.3S80-__2C128-.4C128-,insert_conv_bn_relu,False,rejected_cheap_objective,,,254634
lemonade_paper_search_space_i,0,0,8,3,ss1_0C32-__1C32-.3S64-__2C128-,ss1_0C16-__1C32-.3S64-__2C128-,prune_filters,True,accepted_trained,1.8071712255477905,0.35899999737739563,82874
lemonade_paper_search_space_i,0,0,8,4,ss1_0C32-__1S16-.3S64-__2S128-,ss1_0C32-__1S16-.3S96-__2S128-,increase_filters,False,rejected_cheap_objective,,,18330
lemonade_paper_search_space_i,0,0,8,5,ss1_0C32-__1S16-.3S64-__2S128-,ss1_0C16-__1S16-.4S16-.3S64-__2S128-,prune_filters;insert_conv_bn_relu,True,rejected_cheap_objective,,,12938
lemonade_paper_search_space_i,0,0,8,6,ss1_0C32-__1S16-.3S64-__2S128-,ss1_0C32-.4C32-__1S16-.3S64-__2S128-,insert_conv_bn_relu,False,rejected_cheap_objective,,,22650
lemonade_paper_search_space_i,0,0,8,7,ss1_0C32-__1C32-.3S80-__2C128-,ss1_0C32-__1C32-__2C128-,remove_layer_or_skip,True,accepted_trained,1.5173689126968384,0.44600000977516174,48618
lemonade_paper_search_space_i,0,0,8,8,ss1_0C32-__1S16-.3S64-__2S128-,ss1_0C32-.4C32-__3S64-__2S128-,insert_conv_bn_relu;remove_layer_or_skip,True,rejected_cheap_objective,,,22986
lemonade_paper_search_space_i,0,0,9,1,ss1_0C32-__1C32-.3S80-__2C128-,ss1_0C32-__1C32-.4C32-.3S80-__2S128-,insert_conv_bn_relu;replace_conv_with_sepconv,True,accepted_trained,1.557226538658142,0.44600000977516174,35002
lemonade_paper_search_space_i,0,0,9,2,ss1_0C32-__1S16-.3S64-__2S128-,ss1_0S32-__1S16-.3S64-.4S64-__2S128-,insert_conv_bn_relu;replace_conv_with_sepconv,True,rejected_cheap_objective,,,17429
lemonade_paper_search_space_i,0,0,9,3,ss1_0C32-__1S16-.3S64-__2S128-,ss1_0S32-__1S16-.3S64-__2S128-,replace_conv_with_sepconv,True,rejected_cheap_objective,,,12629
lemonade_paper_search_space_i,0,0,9,4,ss1_0C32-__1C32-__2C128-,ss1_4C40-__1C32-__2C128-,insert_conv_bn_relu;increase_filters;remove_layer_or_skip,True,rejected_cheap_objective,,,51154
lemonade_paper_search_space_i,0,0,9,5,ss1_0S96-__1S96-.4S96-__2S96-.3S96r2,ss1_0S96-__1S96-.4S96-__3S96-,remove_layer_or_skip,True,rejected_cheap_objective,,,32293
lemonade_paper_search_space_i,0,0,9,6,ss1_0C32-__1S16-.3S64-__2S128-,ss1_0C32-__3S64-__2S128-,remove_layer_or_skip,True,rejected_cheap_objective,,,13706
lemonade_paper_search_space_i,0,0,9,7,ss1_0C32-__1C32-__2C128-,ss1_0C32-.4C32-__1C32-__2C128-,insert_conv_bn_relu,False,accepted_trained,1.5123989582061768,0.4519999921321869,57898
lemonade_paper_search_space_i,0,0,9,8,ss1_0C32-__1C32-__2C128-,ss1_0C32-.4C32-__1C40-__2C128-,increase_filters;insert_conv_bn_relu,False,rejected_cheap_objective,,,69434
lemonade_paper_search_space_i,0,0,10,4,ss1_0C32-.4C32-__1C32-__2C128-,ss1_0C32-__1C32-__2C128-,remove_layer_or_skip,True,duplicate_population,,,48618
lemonade_paper_search_space_i,0,0,10,1,ss1_0C32-.4C32-__1C32-__2C128-,ss1_4C32-__1C32-.5C32r1__2C128-,remove_layer_or_skip;insert_conv_bn_relu;add_skip_connection,True,rejected_cheap_objective,,,57899
lemonade_paper_search_space_i,0,0,10,2,ss1_0C32-.4C32-__1C32-__2C128-,ss1_0C32-.5C32-.4C32-__1C32-__2C128-,insert_conv_bn_relu;insert_conv_bn_relu;remove_layer_or_skip,True,accepted_trained,1.4535683393478394,0.4819999933242798,67178
lemonade_paper_search_space_i,0,0,10,3,ss1_0C32-__1C32-.3S80-__2C128-,ss1_0C64-__3S24-__2C128-,increase_filters;remove_layer_or_skip;prune_filters,True,rejected_cheap_objective,,,33210
lemonade_paper_search_space_i,0,0,10,5,ss1_0C32-.4C32-__1C32-__2C128-,ss1_0C32-.4S16-__1C32-__2C128-,replace_conv_with_sepconv;prune_filters,True,rejected_cheap_objective,,,44842
lemonade_paper_search_space_i,0,0,10,6,ss1_0C32-__1C32-.4C32-.3S80-__2S128-,ss1_0C32-__1S16-.4C32r1.3S80-__2S128-,replace_conv_with_sepconv;add_skip_connection;prune_filters,True,rejected_cheap_objective,,,21947
lemonade_paper_search_space_i,0,0,10,7,ss1_0C32-__1S16-.3S64-__2S128-,ss1_0S32-__1S16-.3S64-__2S256-,increase_filters;replace_conv_with_sepconv,True,rejected_cheap_objective,,,22357
lemonade_paper_search_space_i,0,0,10,8,ss1_0C32-__1S16-.3S64-__2S128-,ss1_0C32-__1S16-.3S64-__2S128-.4S128-,insert_conv_bn_relu,False,rejected_cheap_objective,,,31162
lemonade_paper_search_space_i,0,0,10,9,ss1_0C32-__1C32-.4C32-.3S80-__2S128-,ss1_0C32-__1C40-.4C32-.3S80-__2S128-,increase_filters,False,accepted_trained,2.0160601139068604,0.34599998593330383,39626
